id,class
1,501
2,101
3,401
4,201
5,301
6,701
7,401
8,201
9,201
10,501
11,101
12,601
13,101
14,201
15,101
16,101
17,201
18,201
19,201
20,201
21,301
22,301
23,701
24,101
25,201
26,201
27,101
28,501
29,201
30,301
31,201
32,301
33,201
34,101
35,101
36,101
37,101
38,401
39,101
40,301
41,301
42,201
43,201
44,101
45,101
46,201
47,1301
48,1101
49,101
50,301
51,101
52,601
53,101
54,301
55,201
56,301
57,201
58,201
59,301
60,1401
61,101
62,1301
63,301
64,201
65,101
66,301
67,101
68,101
69,101
70,201
71,301
72,301
73,101
74,101
75,1001
76,101
77,101
78,101
79,101
80,901
81,101
82,401
83,301
84,201
85,101
86,501
87,101
88,1401
89,201
90,101
91,301
92,101
93,201
94,601
95,101
96,201
97,201
98,101
99,101
100,101
101,1301
102,301
103,401
104,101
105,101
106,301
107,201
108,101
109,201
110,301
111,301
112,101
113,501
114,201
115,201
116,301
117,401
118,101
119,101
120,301
121,201
122,101
123,401
124,501
125,401
126,101
127,301
128,1501
129,401
130,401
131,101
132,1101
133,201
134,201
135,201
136,301
137,1301
138,101
139,501
140,101
141,101
142,101
143,301
144,201
145,101
146,401
147,701
148,401
149,101
150,101
151,101
152,101
153,101
154,101
155,201
156,301
157,101
158,401
159,301
160,301
161,301
162,801
163,101
164,301
165,101
166,201
167,101
168,401
169,101
170,101
171,401
172,201
173,201
174,101
175,201
176,101
177,101
178,101
179,101
180,901
181,201
182,101
183,101
184,201
185,201
186,101
187,201
188,101
189,201
190,701
191,601
192,601
193,601
194,201
195,201
196,201
197,101
198,201
199,401
200,101
201,201
202,301
203,301
204,101
205,201
206,201
207,201
208,401
209,201
210,101
211,101
212,201
213,601
214,601
215,201
216,101
217,201
218,301
219,501
220,101
221,401
222,101
223,101
224,601
225,101
226,201
227,101
228,301
229,101
230,101
231,401
232,101
233,201
234,201
235,1601
236,401
237,101
238,101
239,101
240,201
241,101
242,101
243,201
244,701
245,501
246,201
247,201
248,101
249,601
250,101
251,301
252,501
253,101
254,101
255,701
256,101
257,201
258,201
259,301
260,101
261,101
262,401
263,601
264,101
265,201
266,201
267,301
268,101
269,501
270,201
271,101
272,101
273,101
274,101
275,601
276,101
277,301
278,301
279,101
280,201
281,501
282,101
283,101
284,701
285,201
286,101
287,101
288,301
289,101
290,1501
291,101
292,101
293,101
294,101
295,301
296,201
297,201
298,101
299,301
300,101
301,201
302,401
303,201
304,801
305,101
306,101
307,401
308,1201
309,1001
310,201
311,101
312,401
313,101
314,801
315,201
316,101
317,1601
318,301
319,201
320,101
321,301
322,301
323,201
324,401
325,101
326,201
327,101
328,201
329,201
330,101
331,101
332,201
333,801
334,101
335,101
336,201
337,401
338,701
339,101
340,401
341,401
342,301
343,301
344,101
345,401
346,601
347,801
348,101
349,401
350,101
351,501
352,101
353,1401
354,101
355,101
356,101
357,1001
358,1501
359,301
360,101
361,201
362,301
363,101
364,201
365,101
366,101
367,101
368,201
369,301
370,501
371,101
372,101
373,201
374,401
375,101
376,101
377,101
378,101
379,101
380,201
381,101
382,101
383,201
384,401
385,101
386,401
387,501
388,201
389,201
390,401
391,1101
392,201
393,101
394,101
395,201
396,201
397,201
398,201
399,101
400,101
401,101
402,101
403,1501
404,201
405,201
406,501
407,101
408,301
409,401
410,101
411,1301
412,201
413,601
414,201
415,601
416,101
417,401
418,401
419,301
420,101
421,801
422,1801
423,101
424,101
425,301
426,701
427,301
428,201
429,101
430,101
431,401
432,501
433,101
434,101
435,201
436,301
437,301
438,201
439,201
440,301
441,101
442,201
443,201
444,201
445,101
446,501
447,301
448,201
449,101
450,301
451,101
452,201
453,101
454,101
455,101
456,101
457,401
458,201
459,401
460,301
461,101
462,301
463,401
464,501
465,101
466,501
467,101
468,101
469,201
470,1501
471,201
472,501
473,401
474,101
475,101
476,1001
477,101
478,101
479,101
480,101
481,101
482,101
483,401
484,501
485,601
486,201
487,101
488,701
489,501
490,301
491,701
492,101
493,301
494,201
495,401
496,101
497,201
498,101
499,401
500,301
501,101
502,401
503,301
504,101
505,301
506,101
507,101
508,201
509,101
510,501
511,201
512,101
513,1001
514,101
515,201
516,101
517,201
518,101
519,901
520,301
521,101
522,101
523,101
524,201
525,201
526,401
527,201
528,301
529,101
530,301
531,201
532,401
533,301
534,301
535,101
536,101
537,101
538,101
539,301
540,401
541,1801
542,401
543,101
544,101
545,1301
546,301
547,101
548,801
549,301
550,101
551,101
552,101
553,301
554,101
555,601
556,201
557,101
558,201
559,201
560,201
561,201
562,201
563,301
564,301
565,501
566,301
567,101
568,101
569,1501
570,601
571,301
572,401
573,101
574,201
575,201
576,101
577,201
578,601
579,901
580,201
581,601
582,201
583,301
584,201
585,101
586,201
587,501
588,101
589,101
590,101
591,101
592,301
593,301
594,301
595,101
596,501
597,201
598,2001
599,101
600,101
601,501
602,1101
603,301
604,101
605,201
606,201
607,501
608,301
609,101
610,201
611,101
612,501
613,101
614,101
615,401
616,301
617,301
618,101
619,201
620,201
621,601
622,101
623,301
624,401
625,301
626,101
627,201
628,101
629,501
630,401
631,201
632,201
633,501
634,101
635,201
636,301
637,101
638,301
639,501
640,101
641,201
642,101
643,201
644,201
645,501
646,101
647,101
648,101
649,201
650,701
651,101
652,601
653,101
654,601
655,101
656,101
657,201
658,401
659,401
660,101
661,301
662,301
663,401
664,101
665,201
666,301
667,101
668,401
669,101
670,101
671,101
672,301
673,401
674,401
675,101
676,701
677,201
678,401
679,1701
680,201
681,101
682,101
683,301
684,301
685,101
686,501
687,201
688,301
689,201
690,201
691,201
692,101
693,101
694,101
695,201
696,401
697,101
698,101
699,101
700,501
701,201
702,401
703,101
704,101
705,401
706,101
707,501
708,101
709,201
710,501
711,301
712,101
713,101
714,101
715,301
716,501
717,401
718,101
719,601
720,601
721,201
722,301
723,401
724,101
725,101
726,301
727,201
728,101
729,701
730,101
731,901
732,201
733,101
734,401
735,201
736,201
737,101
738,101
739,401
740,201
741,101
742,501
743,401
744,601
745,101
746,301
747,301
748,601
749,401
750,1201
751,201
752,1301
753,101
754,101
755,201
756,301
757,201
758,101
759,201
760,101
761,301
762,201
763,301
764,301
765,101
766,101
767,201
768,101
769,1301
770,401
771,501
772,401
773,101
774,401
775,101
776,301
777,101
778,101
779,301
780,101
781,201
782,101
783,201
784,101
785,201
786,101
787,301
788,601
789,101
790,101
791,201
792,301
793,101
794,101
795,601
796,101
797,101
798,801
799,101
800,301
801,501
802,301
803,101
804,401
805,301
806,501
807,301
808,201
809,101
810,201
811,301
812,301
813,601
814,101
815,401
816,201
817,601
818,301
819,401
820,101
821,201
822,101
823,401
824,1301
825,101
826,101
827,301
828,101
829,101
830,201
831,501
832,101
833,801
834,701
835,501
836,101
837,201
838,701
839,101
840,201
841,201
842,301
843,201
844,601
845,201
846,101
847,201
848,101
849,101
850,401
851,201
852,201
853,301
854,501
855,201
856,301
857,201
858,101
859,301
860,201
861,101
862,101
863,101
864,201
865,501
866,501
867,201
868,401
869,201
870,201
871,201
872,901
873,301
874,1001
875,401
876,501
877,101
878,101
879,601
880,201
881,201
882,101
883,201
884,301
885,201
886,201
887,301
888,101
889,201
890,101
891,501
892,101
893,301
894,501
895,101
896,101
897,101
898,201
899,201
900,201
901,201
902,201
903,401
904,201
905,401
906,101
907,101
908,101
909,601
910,101
911,101
912,601
913,101
914,201
915,801
916,201
917,801
918,401
919,201
920,301
921,101
922,201
923,201
924,301
925,201
926,401
927,301
928,401
929,101
930,101
931,101
932,301
933,101
934,201
935,101
936,301
937,101
938,401
939,101
940,101
941,201
942,201
943,401
944,901
945,301
946,701
947,201
948,201
949,701
950,101
951,501
952,701
953,101
954,501
955,401
956,101
957,1001
958,601
959,101
960,401
961,101
962,201
963,301
964,601
965,101
966,101
967,101
968,101
969,301
970,201
971,101
972,401
973,101
974,101
975,501
976,101
977,301
978,301
979,201
980,101
981,301
982,401
983,501
984,101
985,201
986,501
987,501
988,101
989,201
990,101
991,201
992,301
993,101
994,301
995,1101
996,201
997,301
998,201
999,201
1000,301
1001,401
1002,1001
1003,101
1004,401
1005,301
1006,101
1007,501
1008,1901
1009,101
1010,101
1011,101
1012,501
1013,201
1014,201
1015,101
1016,101
1017,201
1018,101
1019,301
1020,101
1021,101
1022,101
1023,201
1024,501
1025,101
1026,201
1027,301
1028,101
1029,901
1030,201
1031,201
1032,201
1033,101
1034,501
1035,301
1036,201
1037,301
1038,201
1039,401
1040,401
1041,301
1042,101
1043,101
1044,201
1045,101
1046,101
1047,101
1048,501
1049,201
1050,301
1051,101
1052,301
1053,401
1054,301
1055,101
1056,1101
1057,201
1058,201
1059,201
1060,401
1061,201
1062,101
1063,201
1064,301
1065,101
1066,801
1067,101
1068,101
1069,301
1070,201
1071,101
1072,101
1073,201
1074,101
1075,701
1076,101
1077,101
1078,201
1079,201
1080,401
1081,601
1082,101
1083,501
1084,401
1085,301
1086,801
1087,601
1088,901
1089,301
1090,401
1091,101
1092,201
1093,801
1094,101
1095,101
1096,201
1097,501
1098,101
1099,201
1100,101
1101,101
1102,101
1103,401
1104,101
1105,701
1106,101
1107,201
1108,801
1109,101
1110,101
1111,201
1112,201
1113,201
1114,201
1115,201
1116,501
1117,501
1118,201
1119,301
1120,101
1121,101
1122,201
1123,201
1124,201
1125,201
1126,101
1127,201
1128,101
1129,101
1130,301
1131,101
1132,301
1133,101
1134,101
1135,101
1136,101
1137,101
1138,301
1139,201
1140,401
1141,201
1142,101
1143,501
1144,401
1145,101
1146,101
1147,301
1148,201
1149,401
1150,101
1151,301
1152,1001
1153,601
1154,101
1155,101
1156,201
1157,101
1158,101
1159,301
1160,201
1161,101
1162,101
1163,101
1164,501
1165,101
1166,401
1167,201
1168,101
1169,201
1170,101
1171,401
1172,501
1173,101
1174,301
1175,301
1176,201
1177,101
1178,201
1179,601
1180,201
1181,201
1182,201
1183,101
1184,101
1185,401
1186,1601
1187,101
1188,101
1189,201
1190,201
1191,101
1192,101
1193,101
1194,301
1195,301
1196,201
1197,101
1198,601
1199,101
1200,501
1201,201
1202,101
1203,901
1204,101
1205,101
1206,101
1207,1701
1208,101
1209,201
1210,101
1211,101
1212,901
1213,101
1214,101
1215,101
1216,101
1217,201
1218,301
1219,101
1220,801
1221,101
1222,101
1223,501
1224,101
1225,301
1226,201
1227,201
1228,101
1229,101
1230,501
1231,301
1232,401
1233,101
1234,201
1235,301
1236,301
1237,401
1238,101
1239,501
1240,101
1241,101
1242,701
1243,201
1244,101
1245,301
1246,101
1247,301
1248,201
1249,101
1250,501
1251,301
1252,201
1253,101
1254,101
1255,501
1256,101
1257,201
1258,301
1259,401
1260,501
1261,301
1262,401
1263,101
1264,101
1265,401
1266,101
1267,101
1268,301
1269,201
1270,201
1271,201
1272,201
1273,101
1274,201
1275,101
1276,101
1277,101
1278,201
1279,701
1280,101
1281,201
1282,201
1283,701
1284,201
1285,401
1286,101
1287,101
1288,101
1289,301
1290,101
1291,401
1292,301
1293,201
1294,701
1295,301
1296,101
1297,301
1298,101
1299,101
1300,101
1301,101
1302,301
1303,201
1304,401
1305,101
1306,101
1307,701
1308,201
1309,101
1310,101
1311,101
1312,101
1313,801
1314,101
1315,201
1316,101
1317,101
1318,401
1319,101
1320,101
1321,101
1322,1301
1323,101
1324,101
1325,201
1326,801
1327,301
1328,301
1329,901
1330,201
1331,401
1332,101
1333,201
1334,401
1335,301
1336,1101
1337,601
1338,501
1339,401
1340,101
1341,201
1342,201
1343,801
1344,501
1345,801
1346,301
1347,301
1348,501
1349,701
1350,301
1351,101
1352,201
1353,1401
1354,101
1355,1501
1356,301
1357,101
1358,101
1359,201
1360,1001
1361,201
1362,101
1363,101
1364,901
1365,1101
1366,601
1367,301
1368,101
1369,101
1370,601
1371,301
1372,101
1373,801
1374,301
1375,201
1376,201
1377,401
1378,401
1379,101
1380,101
1381,501
1382,201
1383,101
1384,201
1385,401
1386,601
1387,101
1388,101
1389,301
1390,401
1391,201
1392,201
1393,301
1394,201
1395,301
1396,701
1397,101
1398,301
1399,201
1400,101
1401,101
1402,201
1403,201
1404,201
1405,101
1406,301
1407,201
1408,101
1409,301
1410,701
1411,101
1412,801
1413,501
1414,101
1415,201
1416,101
1417,601
1418,201
1419,101
1420,101
1421,201
1422,401
1423,101
1424,101
1425,301
1426,801
1427,101
1428,201
1429,301
1430,201
1431,201
1432,601
1433,601
1434,101
1435,201
1436,101
1437,301
1438,401
1439,301
1440,301
1441,201
1442,201
1443,101
1444,101
1445,201
1446,101
1447,301
1448,201
1449,201
1450,201
1451,501
1452,1201
1453,101
1454,101
1455,101
1456,401
1457,101
1458,501
1459,101
1460,301
1461,101
1462,201
1463,101
1464,101
1465,301
1466,101
1467,1201
1468,101
1469,901
1470,501
1471,301
1472,201
1473,101
1474,101
1475,101
1476,201
1477,201
1478,501
1479,201
1480,101
1481,301
1482,401
1483,201
1484,501
1485,201
1486,201
1487,301
1488,201
1489,101
1490,101
1491,501
1492,101
1493,101
1494,101
1495,101
1496,501
1497,201
1498,101
1499,101
1500,201
1501,101
1502,301
1503,201
1504,101
1505,301
1506,101
1507,201
1508,201
1509,201
1510,101
1511,201
1512,1501
1513,101
1514,201
1515,201
1516,1201
1517,201
1518,1301
1519,201
1520,201
1521,301
1522,201
1523,201
1524,201
1525,101
1526,501
1527,101
1528,101
1529,701
1530,101
1531,101
1532,101
1533,701
1534,101
1535,201
1536,201
1537,301
1538,201
1539,101
1540,801
1541,1201
1542,1201
1543,101
1544,501
1545,201
1546,101
1547,101
1548,101
1549,101
1550,201
1551,101
1552,101
1553,101
1554,101
1555,101
1556,201
1557,701
1558,101
1559,601
1560,401
1561,101
1562,601
1563,201
1564,101
1565,401
1566,401
1567,301
1568,101
1569,501
1570,101
1571,101
1572,101
1573,101
1574,101
1575,101
1576,401
1577,301
1578,101
1579,301
1580,201
1581,901
1582,101
1583,201
1584,201
1585,1501
1586,201
1587,201
1588,401
1589,301
1590,101
1591,101
1592,101
1593,101
1594,201
1595,601
1596,401
1597,101
1598,101
1599,101
1600,101
1601,301
1602,101
1603,101
1604,201
1605,301
1606,801
1607,101
1608,401
1609,201
1610,101
1611,101
1612,901
1613,401
1614,101
1615,901
1616,101
1617,101
1618,201
1619,101
1620,1301
1621,401
1622,501
1623,101
1624,201
1625,401
1626,101
1627,101
1628,201
1629,101
1630,301
1631,101
1632,301
1633,101
1634,301
1635,501
1636,201
1637,101
1638,101
1639,101
1640,401
1641,101
1642,301
1643,401
1644,201
1645,201
1646,201
1647,101
1648,301
1649,301
1650,401
1651,501
1652,301
1653,101
1654,301
1655,301
1656,1001
1657,801
1658,101
1659,601
1660,201
1661,701
1662,701
1663,701
1664,101
1665,401
1666,401
1667,1501
1668,101
1669,401
1670,101
1671,301
1672,101
1673,101
1674,701
1675,101
1676,601
1677,101
1678,401
1679,101
1680,101
1681,101
1682,201
1683,501
1684,301
1685,901
1686,101
1687,501
1688,1501
1689,501
1690,101
1691,401
1692,301
1693,301
1694,201
1695,501
1696,101
1697,601
1698,301
1699,101
1700,101
1701,201
1702,401
1703,301
1704,201
1705,601
1706,101
1707,201
1708,101
1709,201
1710,601
1711,501
1712,101
1713,101
1714,201
1715,101
1716,401
1717,301
1718,501
1719,401
1720,701
1721,201
1722,101
1723,101
1724,1201
1725,1101
1726,101
1727,401
1728,101
1729,401
1730,101
1731,301
1732,701
1733,201
1734,101
1735,301
1736,101
1737,401
1738,201
1739,501
1740,401
1741,701
1742,201
1743,201
1744,401
1745,101
1746,201
1747,201
1748,201
1749,501
1750,101
1751,301
1752,101
1753,101
1754,101
1755,401
1756,301
1757,101
1758,501
1759,201
1760,101
1761,401
1762,101
1763,101
1764,101
1765,101
1766,401
1767,601
1768,101
1769,101
1770,301
1771,201
1772,401
1773,1001
1774,201
1775,201
1776,501
1777,101
1778,201
1779,2001
1780,101
1781,301
1782,101
1783,101
1784,801
1785,401
1786,1401
1787,101
1788,101
1789,101
1790,301
1791,401
1792,101
1793,301
1794,301
1795,201
1796,501
1797,601
1798,201
1799,101
1800,201
1801,101
1802,201
1803,101
1804,301
1805,401
1806,101
1807,301
1808,301
1809,101
1810,201
1811,101
1812,101
1813,101
1814,301
1815,101
1816,801
1817,401
1818,101
1819,201
1820,601
1821,301
1822,101
1823,101
1824,101
1825,301
1826,301
1827,101
1828,201
1829,101
1830,201
1831,201
1832,301
1833,201
1834,201
1835,201
1836,201
1837,301
1838,101
1839,101
1840,201
1841,101
1842,1701
1843,1201
1844,401
1845,201
1846,401
1847,101
1848,301
1849,501
1850,301
1851,301
1852,201
1853,301
1854,801
1855,301
1856,501
1857,301
1858,201
1859,201
1860,301
1861,601
1862,301
1863,101
1864,501
1865,101
1866,201
1867,301
1868,601
1869,101
1870,201
1871,101
1872,1801
1873,101
1874,101
1875,101
1876,101
1877,101
1878,201
1879,101
1880,101
1881,101
1882,101
1883,1401
1884,801
1885,201
1886,101
1887,101
1888,301
1889,201
1890,401
1891,101
1892,701
1893,101
1894,201
1895,401
1896,601
1897,101
1898,201
1899,501
1900,201
1901,101
1902,501
1903,101
1904,101
1905,301
1906,101
1907,301
1908,301
1909,101
1910,301
1911,101
1912,101
1913,101
1914,201
1915,201
1916,101
1917,501
1918,201
1919,201
1920,501
1921,101
1922,201
1923,401
1924,201
1925,501
1926,101
1927,101
1928,201
1929,101
1930,301
1931,401
1932,401
1933,201
1934,201
1935,101
1936,101
1937,301
1938,201
1939,101
1940,201
1941,401
1942,101
1943,101
1944,201
1945,201
1946,201
1947,201
1948,101
1949,701
1950,301
1951,501
1952,201
1953,301
1954,301
1955,101
1956,101
1957,201
1958,401
1959,201
1960,101
1961,1101
1962,401
1963,101
1964,701
1965,1801
1966,301
1967,101
1968,101
1969,801
1970,301
1971,201
1972,401
1973,101
1974,301
1975,501
1976,101
1977,201
1978,2001
1979,201
1980,101
1981,801
1982,101
1983,101
1984,501
1985,301
1986,201
1987,201
1988,101
1989,501
1990,401
1991,601
1992,301
1993,201
1994,1001
1995,401
1996,201
1997,201
1998,301
1999,201
2000,501
2001,501
2002,201
2003,101
2004,301
2005,101
2006,101
2007,301
2008,301
2009,201
2010,501
2011,1201
2012,201
2013,201
2014,101
2015,301
2016,601
2017,101
2018,1101
2019,201
2020,701
2021,701
2022,501
2023,401
2024,101
2025,101
2026,101
2027,201
2028,101
2029,101
2030,101
2031,201
2032,201
2033,101
2034,601
2035,101
2036,201
2037,101
2038,201
2039,101
2040,101
2041,101
2042,401
2043,101
2044,201
2045,101
2046,101
2047,501
2048,801
2049,501
2050,101
2051,101
2052,101
2053,201
2054,201
2055,601
2056,201
2057,201
2058,101
2059,201
2060,201
2061,301
2062,101
2063,101
2064,101
2065,201
2066,101
2067,101
2068,701
2069,201
2070,501
2071,101
2072,101
2073,401
2074,101
2075,201
2076,101
2077,101
2078,601
2079,601
2080,101
2081,101
2082,101
2083,201
2084,801
2085,101
2086,101
2087,101
2088,201
2089,101
2090,301
2091,101
2092,301
2093,101
2094,301
2095,301
2096,101
2097,301
2098,501
2099,201
2100,601
2101,401
2102,201
2103,201
2104,101
2105,401
2106,201
2107,101
2108,301
2109,201
2110,1201
2111,101
2112,201
2113,101
2114,401
2115,701
2116,1801
2117,301
2118,301
2119,101
2120,101
2121,101
2122,301
2123,101
2124,301
2125,101
2126,301
2127,201
2128,101
2129,201
2130,101
2131,201
2132,201
2133,101
2134,401
2135,201
2136,501
2137,201
2138,201
2139,401
2140,101
2141,201
2142,101
2143,501
2144,201
2145,101
2146,301
2147,101
2148,201
2149,201
2150,401
2151,401
2152,101
2153,101
2154,101
2155,201
2156,201
2157,401
2158,101
2159,301
2160,201
2161,101
2162,601
2163,201
2164,101
2165,601
2166,401
2167,101
2168,201
2169,101
2170,301
2171,101
2172,101
2173,201
2174,101
2175,301
2176,201
2177,101
2178,401
2179,101
2180,301
2181,101
2182,101
2183,201
2184,201
2185,301
2186,201
2187,301
2188,201
2189,601
2190,101
2191,1301
2192,101
2193,101
2194,201
2195,301
2196,101
2197,201
2198,101
2199,101
2200,201
2201,401
2202,101
2203,301
2204,101
2205,201
2206,301
2207,301
2208,101
2209,201
2210,101
2211,101
2212,101
2213,201
2214,201
2215,201
2216,201
2217,101
2218,201
2219,201
2220,301
2221,101
2222,301
2223,201
2224,101
2225,101
2226,201
2227,201
2228,101
2229,201
2230,201
2231,101
2232,201
2233,101
2234,401
2235,101
2236,101
2237,701
2238,501
2239,301
2240,801
2241,401
2242,101
2243,601
2244,201
2245,201
2246,101
2247,901
2248,201
2249,801
2250,101
2251,101
2252,301
2253,101
2254,101
2255,101
2256,401
2257,101
2258,201
2259,201
2260,301
2261,101
2262,401
2263,101
2264,101
2265,301
2266,601
2267,301
2268,301
2269,101
2270,101
2271,101
2272,101
2273,301
2274,401
2275,201
2276,301
2277,301
2278,201
2279,301
2280,101
2281,201
2282,301
2283,301
2284,101
2285,101
2286,101
2287,101
2288,501
2289,101
2290,201
2291,101
2292,101
2293,401
2294,301
2295,601
2296,101
2297,301
2298,701
2299,101
2300,501
2301,301
2302,401
2303,101
2304,601
2305,201
2306,401
2307,101
2308,301
2309,101
2310,101
2311,1801
2312,201
2313,101
2314,201
2315,1801
2316,201
2317,101
2318,501
2319,101
2320,101
2321,101
2322,201
2323,101
2324,201
2325,101
2326,801
2327,301
2328,1501
2329,501
2330,101
2331,101
2332,401
2333,201
2334,201
2335,301
2336,301
2337,101
2338,101
2339,401
2340,401
2341,301
2342,601
2343,101
2344,401
2345,301
2346,101
2347,201
2348,201
2349,101
2350,101
2351,101
2352,401
2353,201
2354,301
2355,201
2356,401
2357,601
2358,301
2359,501
2360,601
2361,201
2362,201
2363,201
2364,301
2365,301
2366,201
2367,101
2368,101
2369,501
2370,101
2371,401
2372,401
2373,201
2374,401
2375,401
2376,401
2377,101
2378,301
2379,101
2380,701
2381,1001
2382,501
2383,201
2384,101
2385,101
2386,101
2387,101
2388,101
2389,101
2390,401
2391,201
2392,101
2393,501
2394,101
2395,101
2396,101
2397,401
2398,101
2399,101
2400,201
2401,501
2402,101
2403,101
2404,601
2405,201
2406,201
2407,301
2408,201
2409,101
2410,301
2411,201
2412,101
2413,401
2414,101
2415,601
2416,101
2417,201
2418,401
2419,101
2420,1001
2421,101
2422,401
2423,201
2424,201
2425,401
2426,101
2427,301
2428,201
2429,501
2430,201
2431,301
2432,101
2433,401
2434,201
2435,101
2436,201
2437,401
2438,301
2439,401
2440,101
2441,201
2442,101
2443,501
2444,201
2445,201
2446,201
2447,101
2448,101
2449,501
2450,101
2451,101
2452,101
2453,101
2454,201
2455,101
2456,201
2457,101
2458,1001
2459,201
2460,101
2461,301
2462,301
2463,101
2464,301
2465,701
2466,101
2467,401
2468,201
2469,201
2470,201
2471,301
2472,201
2473,201
2474,601
2475,101
2476,301
2477,101
2478,101
2479,101
2480,101
2481,101
2482,301
2483,101
2484,301
2485,101
2486,101
2487,101
2488,101
2489,101
2490,301
2491,801
2492,101
2493,1901
2494,101
2495,101
2496,201
2497,101
2498,101
2499,201
2500,401
2501,601
2502,301
2503,201
2504,401
2505,201
2506,401
2507,101
2508,401
2509,101
2510,201
2511,101
2512,101
2513,101
2514,801
2515,601
2516,301
2517,101
2518,101
2519,401
2520,101
2521,201
2522,201
2523,101
2524,101
2525,101
2526,101
2527,501
2528,601
2529,301
2530,901
2531,301
2532,101
2533,201
2534,101
2535,101
2536,101
2537,901
2538,101
2539,901
2540,201
2541,201
2542,101
2543,201
2544,201
2545,301
2546,301
2547,101
2548,101
2549,101
2550,101
2551,401
2552,201
2553,201
2554,101
2555,201
2556,101
2557,201
2558,101
2559,301
2560,201
2561,1601
2562,301
2563,101
2564,101
2565,201
2566,301
2567,201
2568,501
2569,401
2570,301
2571,201
2572,101
2573,201
2574,201
2575,801
2576,501
2577,101
2578,201
2579,201
2580,201
2581,301
2582,601
2583,601
2584,101
2585,801
2586,101
2587,301
2588,401
2589,401
2590,101
2591,701
2592,601
2593,101
2594,101
2595,1401
2596,501
2597,101
2598,201
2599,201
2600,101
2601,501
2602,301
2603,101
2604,101
2605,201
2606,101
2607,701
2608,101
2609,201
2610,101
2611,201
2612,201
2613,401
2614,101
2615,201
2616,101
2617,301
2618,101
2619,201
2620,201
2621,501
2622,201
2623,301
2624,401
2625,101
2626,201
2627,201
2628,301
2629,101
2630,201
2631,1501
2632,201
2633,101
2634,201
2635,201
2636,101
2637,201
2638,201
2639,201
2640,101
2641,101
2642,101
2643,201
2644,301
2645,101
2646,201
2647,101
2648,701
2649,101
2650,101
2651,101
2652,101
2653,101
2654,301
2655,801
2656,101
2657,101
2658,701
2659,101
2660,201
2661,101
2662,101
2663,101
2664,101
2665,101
2666,201
2667,101
2668,501
2669,801
2670,201
2671,201
2672,301
2673,701
2674,101
2675,301
2676,401
2677,201
2678,301
2679,401
2680,601
2681,401
2682,201
2683,401
2684,201
2685,601
2686,401
2687,201
2688,101
2689,301
2690,201
2691,101
2692,201
2693,101
2694,101
2695,101
2696,101
2697,101
2698,701
2699,701
2700,1101
2701,101
2702,601
2703,201
2704,101
2705,301
2706,301
2707,101
2708,301
2709,301
2710,101
2711,101
2712,101
2713,101
2714,301
2715,101
2716,201
2717,101
2718,801
2719,101
2720,101
2721,201
2722,101
2723,1501
2724,401
2725,301
2726,101
2727,401
2728,401
2729,301
2730,101
2731,101
2732,201
2733,501
2734,301
2735,401
2736,2001
2737,401
2738,101
2739,201
2740,501
2741,101
2742,201
2743,301
2744,201
2745,101
2746,201
2747,101
2748,1301
2749,101
2750,401
2751,201
2752,301
2753,101
2754,101
2755,201
2756,201
2757,301
2758,201
2759,601
2760,101
2761,101
2762,401
2763,701
2764,101
2765,101
2766,101
2767,501
2768,101
2769,101
2770,101
2771,701
2772,101
2773,701
2774,101
2775,201
2776,201
2777,301
2778,201
2779,401
2780,101
2781,201
2782,101
2783,301
2784,101
2785,701
2786,1701
2787,301
2788,601
2789,101
2790,101
2791,101
2792,301
2793,101
2794,401
2795,701
2796,201
2797,201
2798,201
2799,501
2800,201
2801,701
2802,301
2803,101
2804,201
2805,101
2806,201
2807,301
2808,501
2809,201
2810,401
2811,201
2812,501
2813,301
2814,101
2815,201
2816,201
2817,501
2818,901
2819,401
2820,201
2821,101
2822,101
2823,101
2824,401
2825,201
2826,401
2827,701
2828,201
2829,801
2830,201
2831,201
2832,301
2833,301
2834,301
2835,101
2836,201
2837,101
2838,201
2839,101
2840,101
2841,201
2842,101
2843,101
2844,401
2845,301
2846,201
2847,601
2848,201
2849,801
2850,101
2851,301
2852,301
2853,601
2854,201
2855,101
2856,101
2857,101
2858,401
2859,101
2860,201
2861,101
2862,101
2863,401
2864,1501
2865,101
2866,301
2867,101
2868,301
2869,101
2870,101
2871,1101
2872,101
2873,101
2874,301
2875,201
2876,201
2877,101
2878,101
2879,401
2880,701
2881,101
2882,101
2883,301
2884,301
2885,101
2886,1301
2887,201
2888,201
2889,301
2890,201
2891,701
2892,201
2893,101
2894,101
2895,1401
2896,401
2897,101
2898,201
2899,201
2900,201
2901,101
2902,901
2903,301
2904,201
2905,801
2906,401
2907,401
2908,401
2909,201
2910,101
2911,301
2912,401
2913,101
2914,701
2915,401
2916,101
2917,301
2918,101
2919,501
2920,701
2921,701
2922,301
2923,101
2924,501
2925,201
2926,201
2927,101
2928,401
2929,301
2930,101
2931,501
2932,201
2933,501
2934,301
2935,201
2936,201
2937,201
2938,101
2939,401
2940,101
2941,401
2942,101
2943,101
2944,101
2945,101
2946,101
2947,701
2948,401
2949,301
2950,301
2951,101
2952,1901
2953,201
2954,501
2955,301
2956,201
2957,201
2958,101
2959,301
2960,201
2961,301
2962,601
2963,101
2964,101
2965,101
2966,101
2967,701
2968,101
2969,401
2970,101
2971,201
2972,201
2973,101
2974,201
2975,301
2976,101
2977,101
2978,801
2979,101
2980,501
2981,501
2982,101
2983,101
2984,101
2985,601
2986,201
2987,701
2988,701
2989,101
2990,101
2991,101
2992,701
2993,101
2994,101
2995,101
2996,601
2997,101
2998,601
2999,201
3000,101
3001,101
3002,201
3003,301
3004,201
3005,701
3006,301
3007,301
3008,101
3009,101
3010,101
3011,501
3012,601
3013,101
3014,101
3015,201
3016,201
3017,101
3018,301
3019,201
3020,501
3021,201
3022,101
3023,101
3024,201
3025,201
3026,101
3027,201
3028,101
3029,401
3030,201
3031,301
3032,601
3033,201
3034,201
3035,201
3036,301
3037,101
3038,201
3039,101
3040,301
3041,801
3042,501
3043,701
3044,201
3045,801
3046,401
3047,101
3048,401
3049,301
3050,301
3051,301
3052,201
3053,301
3054,201
3055,101
3056,1301
3057,601
3058,601
3059,101
3060,701
3061,101
3062,1001
3063,401
3064,301
3065,101
3066,101
3067,301
3068,501
3069,501
3070,201
3071,501
3072,101
3073,201
3074,101
3075,301
3076,101
3077,201
3078,101
3079,101
3080,1501
3081,101
3082,101
3083,101
3084,501
3085,401
3086,201
3087,201
3088,501
3089,101
3090,101
3091,101
3092,101
3093,101
3094,101
3095,101
3096,201
3097,201
3098,201
3099,101
3100,201
3101,101
3102,101
3103,101
3104,301
3105,101
3106,401
3107,301
3108,101
3109,101
3110,301
3111,1301
3112,301
3113,301
3114,201
3115,201
3116,201
3117,801
3118,301
3119,201
3120,1001
3121,401
3122,501
3123,101
3124,301
3125,201
3126,101
3127,301
3128,101
3129,301
3130,301
3131,101
3132,301
3133,1101
3134,101
3135,101
3136,101
3137,101
3138,201
3139,101
3140,101
3141,101
3142,101
3143,301
3144,201
3145,101
3146,601
3147,101
3148,101
3149,201
3150,201
3151,101
3152,201
3153,501
3154,1401
3155,401
3156,201
3157,101
3158,101
3159,501
3160,101
3161,101
3162,101
3163,1001
3164,101
3165,201
3166,401
3167,101
3168,801
3169,201
3170,301
3171,101
3172,201
3173,601
3174,201
3175,201
3176,1301
3177,301
3178,101
3179,501
3180,101
3181,401
3182,501
3183,201
3184,701
3185,101
3186,101
3187,101
3188,101
3189,101
3190,101
3191,201
3192,201
3193,101
3194,401
3195,301
3196,101
3197,201
3198,101
3199,401
3200,101
3201,101
3202,701
3203,801
3204,201
3205,1301
3206,401
3207,101
3208,101
3209,201
3210,101
3211,1801
3212,101
3213,201
3214,501
3215,401
3216,901
3217,201
3218,401
3219,101
3220,501
3221,201
3222,101
3223,401
3224,101
3225,201
3226,101
3227,801
3228,101
3229,201
3230,201
3231,101
3232,101
3233,1801
3234,201
3235,201
3236,201
3237,101
3238,601
3239,701
3240,201
3241,1901
3242,301
3243,1501
3244,201
3245,201
3246,101
3247,501
3248,201
3249,101
3250,301
3251,301
3252,101
3253,101
3254,201
3255,201
3256,701
3257,101
3258,101
3259,601
3260,701
3261,601
3262,201
3263,301
3264,101
3265,501
3266,901
3267,201
3268,101
3269,201
3270,101
3271,301
3272,101
3273,1501
3274,1201
3275,901
3276,101
3277,201
3278,301
3279,501
3280,101
3281,201
3282,301
3283,101
3284,101
3285,201
3286,1801
3287,401
3288,101
3289,201
3290,201
3291,701
3292,701
3293,101
3294,201
3295,101
3296,101
3297,1401
3298,401
3299,101
3300,201
3301,101
3302,101
3303,101
3304,601
3305,401
3306,101
3307,101
3308,201
3309,201
3310,501
3311,101
3312,301
3313,101
3314,101
3315,401
3316,201
3317,101
3318,101
3319,701
3320,101
3321,201
3322,201
3323,101
3324,201
3325,301
3326,101
3327,401
3328,201
3329,101
3330,101
3331,701
3332,101
3333,701
3334,201
3335,101
3336,101
3337,101
3338,501
3339,801
3340,101
3341,101
3342,601
3343,101
3344,101
3345,301
3346,201
3347,601
3348,101
3349,301
3350,401
3351,501
3352,101
3353,201
3354,301
3355,101
3356,101
3357,601
3358,501
3359,101
3360,601
3361,201
3362,101
3363,101
3364,101
3365,101
3366,201
3367,201
3368,101
3369,101
3370,401
3371,301
3372,201
3373,201
3374,101
3375,101
3376,401
3377,201
3378,601
3379,1301
3380,101
3381,301
3382,201
3383,301
3384,501
3385,901
3386,101
3387,201
3388,301
3389,101
3390,101
3391,101
3392,201
3393,701
3394,201
3395,201
3396,201
3397,1201
3398,101
3399,101
3400,101
3401,501
3402,301
3403,201
3404,401
3405,401
3406,301
3407,301
3408,101
3409,101
3410,201
3411,1001
3412,501
3413,701
3414,401
3415,101
3416,501
3417,201
3418,201
3419,201
3420,101
3421,201
3422,101
3423,101
3424,101
3425,101
3426,401
3427,201
3428,701
3429,401
3430,501
3431,101
3432,101
3433,101
3434,101
3435,101
3436,101
3437,1001
3438,201
3439,201
3440,301
3441,1201
3442,101
3443,201
3444,201
3445,901
3446,101
3447,201
3448,301
3449,301
3450,101
3451,101
3452,101
3453,201
3454,201
3455,701
3456,101
3457,201
3458,101
3459,101
3460,101
3461,301
3462,101
3463,101
3464,901
3465,401
3466,201
3467,101
3468,101
3469,101
3470,401
3471,501
3472,301
3473,701
3474,201
3475,801
3476,101
3477,301
3478,201
3479,301
3480,601
3481,101
3482,401
3483,101
3484,101
3485,301
3486,101
3487,601
3488,101
3489,101
3490,801
3491,101
3492,101
3493,801
3494,101
3495,101
3496,101
3497,101
3498,201
3499,101
3500,401
3501,201
3502,201
3503,301
3504,201
3505,301
3506,101
3507,101
3508,501
3509,201
3510,101
3511,501
3512,401
3513,201
3514,201
3515,701
3516,1501
3517,201
3518,101
3519,101
3520,101
3521,1401
3522,101
3523,201
3524,401
3525,701
3526,101
3527,101
3528,301
3529,101
3530,101
3531,601
3532,201
3533,701
3534,201
3535,201
3536,601
3537,201
3538,201
3539,101
3540,101
3541,1101
3542,1501
3543,501
3544,201
3545,101
3546,201
3547,201
3548,201
3549,201
3550,301
3551,501
3552,101
3553,101
3554,201
3555,201
3556,601
3557,101
3558,101
3559,101
3560,301
3561,101
3562,501
3563,201
3564,101
3565,101
3566,201
3567,101
3568,601
3569,201
3570,101
3571,401
3572,101
3573,601
3574,1201
3575,101
3576,601
3577,301
3578,201
3579,601
3580,401
3581,301
3582,401
3583,201
3584,401
3585,101
3586,201
3587,101
3588,401
3589,101
3590,101
3591,201
3592,101
3593,201
3594,101
3595,101
3596,301
3597,301
3598,201
3599,101
3600,101
3601,501
3602,701
3603,201
3604,201
3605,201
3606,101
3607,301
3608,201
3609,301
3610,101
3611,401
3612,1901
3613,101
3614,301
3615,201
3616,101
3617,101
3618,101
3619,101
3620,601
3621,101
3622,401
3623,201
3624,401
3625,501
3626,101
3627,201
3628,101
3629,101
3630,201
3631,101
3632,1801
3633,301
3634,401
3635,1101
3636,301
3637,401
3638,301
3639,601
3640,501
3641,101
3642,601
3643,701
3644,301
3645,701
3646,101
3647,1001
3648,301
3649,101
3650,201
3651,101
3652,901
3653,501
3654,101
3655,101
3656,401
3657,101
3658,501
3659,701
3660,1201
3661,201
3662,201
3663,401
3664,301
3665,1301
3666,201
3667,401
3668,101
3669,101
3670,101
3671,201
3672,101
3673,201
3674,101
3675,201
3676,401
3677,301
3678,501
3679,101
3680,201
3681,201
3682,201
3683,101
3684,701
3685,101
3686,101
3687,501
3688,601
3689,101
3690,201
3691,101
3692,101
3693,101
3694,101
3695,301
3696,201
3697,101
3698,601
3699,201
3700,501
3701,301
3702,101
3703,201
3704,601
3705,101
3706,501
3707,301
3708,901
3709,101
3710,401
3711,601
3712,101
3713,101
3714,201
3715,301
3716,401
3717,701
3718,401
3719,101
3720,101
3721,201
3722,201
3723,101
3724,101
3725,401
3726,101
3727,101
3728,501
3729,101
3730,801
3731,301
3732,101
3733,301
3734,901
3735,101
3736,101
3737,201
3738,1301
3739,201
3740,301
3741,101
3742,101
3743,501
3744,601
3745,101
3746,201
3747,101
3748,101
3749,201
3750,101
3751,201
3752,301
3753,101
3754,101
3755,101
3756,101
3757,101
3758,301
3759,501
3760,101
3761,101
3762,401
3763,501
3764,101
3765,101
3766,301
3767,201
3768,101
3769,101
3770,601
3771,301
3772,301
3773,101
3774,101
3775,201
3776,101
3777,101
3778,101
3779,301
3780,201
3781,101
3782,101
3783,101
3784,401
3785,101
3786,301
3787,201
3788,301
3789,101
3790,201
3791,101
3792,301
3793,701
3794,201
3795,401
3796,901
3797,101
3798,401
3799,1001
3800,101
3801,101
3802,101
3803,901
3804,301
3805,201
3806,401
3807,101
3808,401
3809,601
3810,301
3811,801
3812,101
3813,601
3814,101
3815,101
3816,601
3817,801
3818,201
3819,201
3820,301
3821,101
3822,801
3823,301
3824,101
3825,401
3826,201
3827,201
3828,301
3829,201
3830,101
3831,101
3832,101
3833,101
3834,201
3835,101
3836,701
3837,101
3838,401
3839,101
3840,101
3841,101
3842,301
3843,201
3844,101
3845,601
3846,301
3847,201
3848,501
3849,701
3850,501
3851,601
3852,101
3853,201
3854,701
3855,301
3856,201
3857,401
3858,201
3859,401
3860,101
3861,601
3862,201
3863,501
3864,401
3865,101
3866,101
3867,201
3868,301
3869,401
3870,101
3871,101
3872,101
3873,201
3874,201
3875,101
3876,201
3877,201
3878,401
3879,301
3880,101
3881,401
3882,301
3883,201
3884,901
3885,101
3886,301
3887,101
3888,1401
3889,201
3890,601
3891,201
3892,301
3893,201
3894,301
3895,101
3896,401
3897,301
3898,201
3899,101
3900,201
3901,301
3902,101
3903,101
3904,101
3905,301
3906,301
3907,101
3908,101
3909,201
3910,201
3911,201
3912,201
3913,101
3914,501
3915,801
3916,801
3917,201
3918,401
3919,101
3920,101
3921,201
3922,501
3923,101
3924,501
3925,201
3926,401
3927,1301
3928,601
3929,101
3930,101
3931,101
3932,101
3933,301
3934,501
3935,1001
3936,101
3937,101
3938,101
3939,101
3940,1301
3941,201
3942,101
3943,101
3944,401
3945,701
3946,201
3947,201
3948,301
3949,301
3950,101
3951,201
3952,101
3953,201
3954,501
3955,101
3956,101
3957,301
3958,101
3959,101
3960,201
3961,201
3962,201
3963,101
3964,101
3965,201
3966,101
3967,501
3968,201
3969,101
3970,101
3971,101
3972,301
3973,401
3974,301
3975,201
3976,601
3977,501
3978,101
3979,201
3980,201
3981,201
3982,101
3983,501
3984,201
3985,101
3986,501
3987,101
3988,101
3989,501
3990,501
3991,301
3992,201
3993,101
3994,701
3995,101
3996,401
3997,401
3998,201
3999,201
4000,101
4001,101
4002,201
4003,101
4004,501
4005,101
4006,501
4007,101
4008,201
4009,601
4010,601
4011,1501
4012,801
4013,101
4014,501
4015,101
4016,101
4017,101
4018,101
4019,101
4020,401
4021,101
4022,1601
4023,201
4024,101
4025,401
4026,301
4027,101
4028,301
4029,101
4030,201
4031,501
4032,201
4033,101
4034,401
4035,401
4036,1201
4037,701
4038,101
4039,301
4040,101
4041,301
4042,101
4043,101
4044,101
4045,601
4046,301
4047,201
4048,101
4049,101
4050,101
4051,101
4052,101
4053,101
4054,101
4055,401
4056,101
4057,601
4058,401
4059,201
4060,101
4061,101
4062,1101
4063,301
4064,801
4065,101
4066,101
4067,301
4068,201
4069,101
4070,901
4071,101
4072,101
4073,701
4074,301
4075,601
4076,501
4077,201
4078,401
4079,101
4080,401
4081,101
4082,101
4083,201
4084,101
4085,301
4086,501
4087,201
4088,101
4089,401
4090,401
4091,601
4092,201
4093,101
4094,201
4095,1001
4096,301
4097,101
4098,101
4099,301
4100,701
4101,501
4102,201
4103,301
4104,601
4105,201
4106,201
4107,101
4108,301
4109,201
4110,101
4111,1801
4112,101
4113,1101
4114,601
4115,101
4116,301
4117,201
4118,301
4119,901
4120,301
4121,201
4122,801
4123,1301
4124,401
4125,101
4126,201
4127,201
4128,201
4129,101
4130,101
4131,101
4132,101
4133,201
4134,201
4135,101
4136,201
4137,601
4138,401
4139,601
4140,201
4141,401
4142,101
4143,101
4144,201
4145,301
4146,101
4147,101
4148,401
4149,301
4150,501
4151,1201
4152,201
4153,201
4154,201
4155,101
4156,501
4157,101
4158,601
4159,101
4160,101
4161,101
4162,601
4163,201
4164,301
4165,201
4166,101
4167,301
4168,101
4169,501
4170,101
4171,101
4172,401
4173,101
4174,101
4175,401
4176,201
4177,301
4178,301
4179,601
4180,301
4181,101
4182,301
4183,201
4184,101
4185,101
4186,201
4187,201
4188,201
4189,501
4190,201
4191,201
4192,101
4193,1101
4194,101
4195,101
4196,101
4197,1301
4198,101
4199,201
4200,101
4201,301
4202,301
4203,101
4204,101
4205,201
4206,101
4207,101
4208,101
4209,201
4210,501
4211,401
4212,401
4213,201
4214,201
4215,301
4216,601
4217,901
4218,201
4219,101
4220,301
4221,201
4222,201
4223,401
4224,201
4225,401
4226,301
4227,201
4228,101
4229,501
4230,101
4231,101
4232,201
4233,101
4234,301
4235,201
4236,101
4237,101
4238,101
4239,1701
4240,201
4241,201
4242,201
4243,401
4244,501
4245,101
4246,101
4247,101
4248,201
4249,101
4250,101
4251,401
4252,201
4253,401
4254,101
4255,101
4256,201
4257,1501
4258,401
4259,201
4260,101
4261,301
4262,101
4263,301
4264,101
4265,101
4266,101
4267,601
4268,601
4269,201
4270,301
4271,101
4272,101
4273,201
4274,501
4275,1101
4276,101
4277,401
4278,601
4279,101
4280,1901
4281,101
4282,201
4283,301
4284,401
4285,101
4286,101
4287,401
4288,201
4289,501
4290,101
4291,101
4292,101
4293,101
4294,501
4295,101
4296,201
4297,101
4298,601
4299,501
4300,301
4301,201
4302,301
4303,101
4304,101
4305,201
4306,201
4307,601
4308,101
4309,301
4310,101
4311,201
4312,301
4313,101
4314,101
4315,301
4316,101
4317,301
4318,101
4319,201
4320,201
4321,401
4322,201
4323,601
4324,401
4325,301
4326,401
4327,201
4328,101
4329,101
4330,101
4331,101
4332,101
4333,201
4334,101
4335,201
4336,501
4337,101
4338,101
4339,101
4340,601
4341,101
4342,201
4343,401
4344,201
4345,201
4346,101
4347,101
4348,101
4349,101
4350,401
4351,2001
4352,501
4353,101
4354,101
4355,201
4356,201
4357,101
4358,201
4359,101
4360,101
4361,101
4362,501
4363,101
4364,401
4365,101
4366,201
4367,301
4368,101
4369,101
4370,601
4371,101
4372,301
4373,101
4374,201
4375,101
4376,201
4377,201
4378,401
4379,101
4380,501
4381,401
4382,101
4383,501
4384,101
4385,201
4386,201
4387,101
4388,101
4389,201
4390,101
4391,201
4392,301
4393,101
4394,201
4395,201
4396,201
4397,501
4398,301
4399,101
4400,2001
4401,201
4402,401
4403,101
4404,801
4405,201
4406,701
4407,101
4408,301
4409,301
4410,101
4411,601
4412,101
4413,101
4414,101
4415,301
4416,301
4417,301
4418,301
4419,101
4420,201
4421,201
4422,301
4423,401
4424,301
4425,701
4426,301
4427,201
4428,101
4429,201
4430,101
4431,301
4432,101
4433,401
4434,401
4435,1401
4436,201
4437,701
4438,301
4439,301
4440,201
4441,1401
4442,201
4443,101
4444,201
4445,101
4446,701
4447,101
4448,301
4449,901
4450,101
4451,201
4452,301
4453,101
4454,101
4455,101
4456,101
4457,201
4458,301
4459,501
4460,601
4461,101
4462,401
4463,201
4464,201
4465,201
4466,301
4467,101
4468,301
4469,201
4470,101
4471,101
4472,301
4473,201
4474,201
4475,201
4476,201
4477,401
4478,1001
4479,201
4480,101
4481,101
4482,201
4483,101
4484,601
4485,201
4486,101
4487,101
4488,101
4489,401
4490,101
4491,301
4492,101
4493,201
4494,101
4495,301
4496,201
4497,501
4498,101
4499,701
4500,401
4501,101
4502,101
4503,101
4504,301
4505,201
4506,401
4507,201
4508,401
4509,401
4510,101
4511,401
4512,101
4513,101
4514,101
4515,201
4516,101
4517,801
4518,101
4519,201
4520,101
4521,101
4522,401
4523,301
4524,101
4525,101
4526,101
4527,301
4528,101
4529,301
4530,301
4531,201
4532,201
4533,101
4534,201
4535,401
4536,101
4537,201
4538,301
4539,201
4540,201
4541,101
4542,301
4543,101
4544,701
4545,401
4546,401
4547,901
4548,401
4549,101
4550,201
4551,101
4552,201
4553,301
4554,101
4555,201
4556,301
4557,201
4558,201
4559,101
4560,401
4561,801
4562,501
4563,201
4564,201
4565,101
4566,201
4567,201
4568,101
4569,101
4570,201
4571,301
4572,201
4573,101
4574,1101
4575,101
4576,301
4577,101
4578,201
4579,401
4580,301
4581,201
4582,301
4583,501
4584,201
4585,101
4586,101
4587,301
4588,201
4589,201
4590,101
4591,101
4592,201
4593,601
4594,301
4595,101
4596,101
4597,101
4598,201
4599,501
4600,701
4601,301
4602,301
4603,101
4604,101
4605,101
4606,101
4607,301
4608,201
4609,301
4610,201
4611,901
4612,301
4613,201
4614,401
4615,801
4616,201
4617,101
4618,101
4619,301
4620,301
4621,301
4622,401
4623,401
4624,201
4625,501
4626,201
4627,301
4628,201
4629,101
4630,201
4631,201
4632,101
4633,301
4634,101
4635,101
4636,401
4637,201
4638,601
4639,101
4640,301
4641,201
4642,301
4643,101
4644,301
4645,801
4646,701
4647,501
4648,101
4649,1101
4650,501
4651,201
4652,201
4653,301
4654,201
4655,101
4656,201
4657,701
4658,101
4659,401
4660,101
4661,801
4662,101
4663,101
4664,701
4665,401
4666,101
4667,501
4668,301
4669,101
4670,101
4671,301
4672,101
4673,501
4674,101
4675,401
4676,201
4677,101
4678,201
4679,101
4680,101
4681,301
4682,101
4683,101
4684,101
4685,201
4686,401
4687,201
4688,101
4689,401
4690,301
4691,401
4692,301
4693,101
4694,101
4695,501
4696,701
4697,201
4698,901
4699,301
4700,301
4701,101
4702,101
4703,401
4704,101
4705,301
4706,701
4707,1301
4708,101
4709,101
4710,101
4711,201
4712,701
4713,301
4714,101
4715,301
4716,701
4717,101
4718,401
4719,201
4720,201
4721,601
4722,201
4723,801
4724,101
4725,201
4726,1001
4727,101
4728,601
4729,201
4730,101
4731,201
4732,701
4733,101
4734,101
4735,201
4736,201
4737,201
4738,101
4739,201
4740,101
4741,1401
4742,301
4743,201
4744,201
4745,301
4746,401
4747,101
4748,201
4749,201
4750,801
4751,101
4752,2001
4753,301
4754,101
4755,301
4756,201
4757,701
4758,201
4759,101
4760,501
4761,201
4762,1101
4763,101
4764,201
4765,101
4766,101
4767,101
4768,101
4769,101
4770,301
4771,401
4772,201
4773,801
4774,601
4775,1201
4776,101
4777,101
4778,501
4779,601
4780,101
4781,101
4782,301
4783,301
4784,201
4785,301
4786,1201
4787,1201
4788,1301
4789,201
4790,201
4791,101
4792,201
4793,101
4794,501
4795,101
4796,901
4797,101
4798,501
4799,101
4800,101
4801,101
4802,101
4803,501
4804,301
4805,801
4806,101
4807,201
4808,301
4809,501
4810,601
4811,101
4812,201
4813,101
4814,501
4815,201
4816,101
4817,101
4818,801
4819,201
4820,601
4821,201
4822,201
4823,201
4824,401
4825,501
4826,201
4827,201
4828,201
4829,201
4830,401
4831,101
4832,301
4833,301
4834,401
4835,101
4836,101
4837,201
4838,101
4839,501
4840,701
4841,101
4842,101
4843,301
4844,101
4845,101
4846,201
4847,201
4848,101
4849,201
4850,101
4851,501
4852,301
4853,201
4854,101
4855,401
4856,601
4857,501
4858,201
4859,101
4860,101
4861,201
4862,101
4863,501
4864,101
4865,101
4866,301
4867,101
4868,201
4869,401
4870,301
4871,601
4872,301
4873,101
4874,601
4875,201
4876,1301
4877,201
4878,501
4879,1101
4880,1401
4881,601
4882,101
4883,201
4884,401
4885,401
4886,201
4887,101
4888,401
4889,601
4890,401
4891,101
4892,201
4893,101
4894,901
4895,101
4896,201
4897,101
4898,101
4899,201
4900,401
4901,101
4902,1101
4903,401
4904,101
4905,101
4906,401
4907,201
4908,201
4909,301
4910,401
4911,101
4912,201
4913,101
4914,101
4915,101
4916,801
4917,401
4918,101
4919,301
4920,701
4921,201
4922,301
4923,101
4924,301
4925,301
4926,201
4927,201
4928,101
4929,2001
4930,101
4931,301
4932,101
4933,401
4934,401
4935,101
4936,501
4937,501
4938,201
4939,701
4940,201
4941,201
4942,401
4943,301
4944,301
4945,201
4946,401
4947,401
4948,801
4949,401
4950,501
4951,201
4952,301
4953,101
4954,501
4955,201
4956,101
4957,201
4958,201
4959,501
4960,101
4961,201
4962,301
4963,901
4964,101
4965,101
4966,201
4967,201
4968,101
4969,101
4970,101
4971,301
4972,101
4973,101
4974,201
4975,201
4976,401
4977,301
4978,501
4979,101
4980,101
4981,101
4982,201
4983,301
4984,201
4985,301
4986,201
4987,1301
4988,101
4989,201
4990,101
4991,201
4992,701
4993,101
4994,501
4995,101
4996,101
4997,1001
4998,501
4999,301
5000,101
5001,101
5002,201
5003,101
5004,301
5005,501
5006,301
5007,901
5008,101
5009,201
5010,601
5011,201
5012,301
5013,601
5014,201
5015,101
5016,101
5017,301
5018,201
5019,101
5020,101
5021,101
5022,201
5023,101
5024,101
5025,201
5026,101
5027,101
5028,501
5029,801
5030,201
5031,101
5032,401
5033,501
5034,101
5035,101
5036,201
5037,201
5038,301
5039,201
5040,401
5041,901
5042,401
5043,101
5044,301
5045,101
5046,301
5047,101
5048,101
5049,101
5050,301
5051,401
5052,401
5053,201
5054,201
5055,601
5056,401
5057,101
5058,101
5059,301
5060,201
5061,101
5062,101
5063,101
5064,101
5065,101
5066,101
5067,301
5068,101
5069,601
5070,101
5071,201
5072,301
5073,201
5074,101
5075,301
5076,101
5077,201
5078,201
5079,101
5080,101
5081,201
5082,301
5083,401
5084,101
5085,201
5086,401
5087,101
5088,801
5089,101
5090,101
5091,301
5092,101
5093,501
5094,101
5095,501
5096,101
5097,101
5098,201
5099,401
5100,601
5101,201
5102,401
5103,101
5104,101
5105,101
5106,101
5107,201
5108,501
5109,101
5110,301
5111,201
5112,101
5113,201
5114,301
5115,101
5116,101
5117,501
5118,201
5119,101
5120,101
5121,301
5122,201
5123,101
5124,301
5125,101
5126,101
5127,101
5128,1601
5129,301
5130,301
5131,101
5132,301
5133,201
5134,101
5135,301
5136,201
5137,501
5138,101
5139,201
5140,601
5141,101
5142,1901
5143,301
5144,201
5145,201
5146,101
5147,101
5148,501
5149,301
5150,301
5151,201
5152,201
5153,1401
5154,1301
5155,201
5156,301
5157,101
5158,101
5159,301
5160,101
5161,301
5162,501
5163,201
5164,701
5165,101
5166,201
5167,301
5168,301
5169,301
5170,301
5171,301
5172,301
5173,701
5174,401
5175,101
5176,201
5177,101
5178,701
5179,201
5180,401
5181,201
5182,101
5183,401
5184,101
5185,501
5186,401
5187,1701
5188,201
5189,201
5190,101
5191,101
5192,501
5193,201
5194,201
5195,101
5196,101
5197,201
5198,201
5199,101
5200,601
5201,301
5202,101
5203,401
5204,201
5205,201
5206,101
5207,101
5208,201
5209,701
5210,401
5211,201
5212,101
5213,201
5214,301
5215,201
5216,101
5217,101
5218,201
5219,301
5220,101
5221,101
5222,101
5223,101
5224,301
5225,501
5226,201
5227,301
5228,401
5229,201
5230,101
5231,101
5232,101
5233,401
5234,101
5235,101
5236,301
5237,401
5238,501
5239,401
5240,501
5241,501
5242,401
5243,601
5244,501
5245,101
5246,101
5247,201
5248,801
5249,101
5250,101
5251,101
5252,501
5253,101
5254,201
5255,201
5256,101
5257,101
5258,501
5259,401
5260,101
5261,101
5262,201
5263,101
5264,101
5265,601
5266,201
5267,301
5268,901
5269,901
5270,201
5271,201
5272,101
5273,101
5274,201
5275,101
5276,101
5277,101
5278,101
5279,201
5280,1401
5281,601
5282,101
5283,401
5284,301
5285,101
5286,201
5287,101
5288,201
5289,301
5290,201
5291,801
5292,301
5293,101
5294,101
5295,301
5296,101
5297,101
5298,501
5299,201
5300,401
5301,201
5302,201
5303,101
5304,201
5305,101
5306,201
5307,501
5308,101
5309,201
5310,101
5311,201
5312,101
5313,201
5314,801
5315,101
5316,101
5317,101
5318,401
5319,101
5320,801
5321,101
5322,201
5323,201
5324,301
5325,101
5326,301
5327,901
5328,101
5329,101
5330,201
5331,101
5332,101
5333,401
5334,201
5335,101
5336,201
5337,301
5338,201
5339,101
5340,301
5341,601
5342,501
5343,101
5344,101
5345,101
5346,101
5347,601
5348,601
5349,801
5350,301
5351,701
5352,201
5353,101
5354,101
5355,1501
5356,101
5357,501
5358,101
5359,301
5360,701
5361,401
5362,101
5363,401
5364,501
5365,301
5366,101
5367,201
5368,201
5369,201
5370,301
5371,201
5372,301
5373,201
5374,101
5375,601
5376,101
5377,201
5378,101
5379,501
5380,201
5381,201
5382,201
5383,301
5384,101
5385,401
5386,201
5387,101
5388,101
5389,401
5390,301
5391,1701
5392,1201
5393,101
5394,101
5395,101
5396,101
5397,301
5398,201
5399,501
5400,101
5401,101
5402,301
5403,101
5404,301
5405,501
5406,101
5407,101
5408,201
5409,201
5410,301
5411,101
5412,501
5413,301
5414,201
5415,201
5416,101
5417,101
5418,201
5419,101
5420,301
5421,201
5422,101
5423,301
5424,101
5425,101
5426,601
5427,301
5428,101
5429,401
5430,101
5431,501
5432,401
5433,101
5434,1201
5435,301
5436,701
5437,201
5438,101
5439,101
5440,101
5441,101
5442,101
5443,101
5444,101
5445,401
5446,101
5447,201
5448,401
5449,101
5450,201
5451,101
5452,301
5453,201
5454,101
5455,201
5456,201
5457,101
5458,301
5459,401
5460,301
5461,101
5462,901
5463,201
5464,501
5465,101
5466,701
5467,101
5468,101
5469,401
5470,201
5471,101
5472,301
5473,101
5474,301
5475,1501
5476,201
5477,301
5478,101
5479,301
5480,401
5481,201
5482,101
5483,201
5484,601
5485,101
5486,301
5487,201
5488,101
5489,101
5490,101
5491,201
5492,601
5493,201
5494,301
5495,201
5496,101
5497,101
5498,101
5499,101
5500,101
5501,101
5502,201
5503,201
5504,101
5505,101
5506,801
5507,201
5508,101
5509,201
5510,201
5511,601
5512,101
5513,601
5514,101
5515,1101
5516,101
5517,601
5518,101
5519,101
5520,101
5521,201
5522,101
5523,101
5524,101
5525,201
5526,101
5527,601
5528,101
5529,101
5530,101
5531,101
5532,101
5533,501
5534,101
5535,301
5536,201
5537,601
5538,101
5539,101
5540,601
5541,201
5542,201
5543,301
5544,401
5545,101
5546,201
5547,501
5548,201
5549,301
5550,101
5551,1501
5552,601
5553,101
5554,101
5555,201
5556,301
5557,601
5558,101
5559,1101
5560,101
5561,301
5562,101
5563,101
5564,401
5565,101
5566,201
5567,101
5568,301
5569,101
5570,301
5571,101
5572,1801
5573,101
5574,101
5575,101
5576,201
5577,1201
5578,101
5579,601
5580,201
5581,601
5582,101
5583,101
5584,501
5585,101
5586,101
5587,1101
5588,201
5589,101
5590,801
5591,101
5592,401
5593,101
5594,301
5595,101
5596,201
5597,101
5598,101
5599,201
5600,401
5601,201
5602,201
5603,101
5604,401
5605,101
5606,301
5607,601
5608,101
5609,301
5610,101
5611,201
5612,101
5613,101
5614,101
5615,301
5616,101
5617,201
5618,101
5619,101
5620,301
5621,301
5622,101
5623,201
5624,201
5625,501
5626,101
5627,501
5628,201
5629,101
5630,201
5631,1501
5632,301
5633,701
5634,101
5635,201
5636,101
5637,201
5638,101
5639,201
5640,501
5641,101
5642,201
5643,101
5644,301
5645,201
5646,601
5647,101
5648,501
5649,201
5650,201
5651,301
5652,101
5653,101
5654,301
5655,301
5656,401
5657,101
5658,201
5659,201
5660,101
5661,101
5662,901
5663,201
5664,501
5665,101
5666,301
5667,101
5668,201
5669,401
5670,301
5671,101
5672,201
5673,2001
5674,501
5675,301
5676,201
5677,101
5678,201
5679,101
5680,1301
5681,301
5682,401
5683,101
5684,101
5685,201
5686,201
5687,301
5688,101
5689,101
5690,401
5691,101
5692,101
5693,601
5694,201
5695,101
5696,101
5697,301
5698,301
5699,301
5700,101
5701,201
5702,301
5703,401
5704,101
5705,101
5706,601
5707,101
5708,101
5709,301
5710,101
5711,401
5712,101
5713,301
5714,401
5715,401
5716,501
5717,101
5718,401
5719,401
5720,201
5721,101
5722,101
5723,101
5724,801
5725,101
5726,401
5727,901
5728,101
5729,401
5730,101
5731,101
5732,501
5733,501
5734,101
5735,301
5736,201
5737,101
5738,301
5739,301
5740,201
5741,401
5742,101
5743,201
5744,1101
5745,301
5746,201
5747,101
5748,101
5749,101
5750,101
5751,101
5752,101
5753,301
5754,101
5755,201
5756,101
5757,201
5758,301
5759,301
5760,601
5761,301
5762,301
5763,101
5764,101
5765,401
5766,301
5767,101
5768,201
5769,401
5770,201
5771,101
5772,401
5773,101
5774,501
5775,101
5776,201
5777,101
5778,301
5779,201
5780,101
5781,901
5782,201
5783,501
5784,1201
5785,101
5786,201
5787,101
5788,101
5789,101
5790,101
5791,201
5792,101
5793,301
5794,101
5795,101
5796,201
5797,601
5798,101
5799,201
5800,101
5801,501
5802,101
5803,101
5804,301
5805,201
5806,401
5807,201
5808,201
5809,101
5810,201
5811,1001
5812,301
5813,1001
5814,101
5815,201
5816,701
5817,201
5818,101
5819,501
5820,601
5821,101
5822,601
5823,301
5824,101
5825,101
5826,101
5827,201
5828,301
5829,101
5830,101
5831,201
5832,801
5833,301
5834,201
5835,101
5836,201
5837,401
5838,101
5839,301
5840,201
5841,601
5842,101
5843,401
5844,201
5845,101
5846,101
5847,301
5848,101
5849,201
5850,101
5851,101
5852,401
5853,601
5854,101
5855,201
5856,101
5857,201
5858,201
5859,201
5860,101
5861,101
5862,101
5863,101
5864,201
5865,601
5866,401
5867,101
5868,101
5869,101
5870,301
5871,301
5872,401
5873,201
5874,301
5875,401
5876,301
5877,301
5878,1101
5879,301
5880,601
5881,301
5882,1001
5883,101
5884,101
5885,301
5886,101
5887,101
5888,401
5889,101
5890,301
5891,701
5892,401
5893,201
5894,101
5895,301
5896,201
5897,501
5898,101
5899,201
5900,201
5901,101
5902,301
5903,101
5904,101
5905,201
5906,701
5907,101
5908,101
5909,201
5910,101
5911,801
5912,201
5913,101
5914,1001
5915,401
5916,101
5917,101
5918,501
5919,2001
5920,201
5921,101
5922,101
5923,201
5924,401
5925,301
5926,101
5927,101
5928,101
5929,101
5930,301
5931,601
5932,101
5933,101
5934,101
5935,101
5936,501
5937,201
5938,101
5939,101
5940,301
5941,301
5942,201
5943,101
5944,101
5945,101
5946,701
5947,201
5948,101
5949,201
5950,201
5951,301
5952,301
5953,201
5954,101
5955,101
5956,401
5957,301
5958,301
5959,101
5960,101
5961,201
5962,201
5963,401
5964,201
5965,101
5966,201
5967,501
5968,101
5969,101
5970,101
5971,101
5972,101
5973,401
5974,101
5975,201
5976,101
5977,101
5978,101
5979,501
5980,301
5981,201
5982,301
5983,501
5984,101
5985,1201
5986,301
5987,201
5988,101
5989,101
